UPDATE CustomModOptions SET Value = 1 WHERE Name = 'PROMOTION_AURA_PROMOTION';	--开启光环


INSERT INTO Projects(Type, Description, Help, Civilopedia, TechPrereq, MaxGlobalInstances, MaxTeamInstances, Cost, PortraitIndex, IconAtlas, FreePromotion)
VALUES	('PROJECT_WAR_PT1','TXT_KEY_PROJECT_WAR_PT1','TXT_KEY_PROJECT_WAR_PT1_HELP','TXT_KEY_PROJECT_WAR_PT1_PEDIA','TECH_IRON_WORKING',1,1,30,29,'SPBalance_ATLAS','Promotion_WAR_PT1'),
        ('PROJECT_WAR_PT2','TXT_KEY_PROJECT_WAR_PT2','TXT_KEY_PROJECT_WAR_PT2_HELP','TXT_KEY_PROJECT_WAR_PT2_PEDIA','TECH_POTTERY',1,1,30,29,'SPBalance_ATLAS','Promotion_WAR_PT2'),
        ('PROJECT_WAR_PT3','TXT_KEY_PROJECT_WAR_PT3','TXT_KEY_PROJECT_WAR_PT3_HELP','TXT_KEY_PROJECT_WAR_PT3_PEDIA','TECH_WRITING',1,1,30,29,'SPBalance_ATLAS','Promotion_WAR_PT3'),
        ('PROJECT_WAR_PT4','TXT_KEY_PROJECT_WAR_PT4','TXT_KEY_PROJECT_WAR_PT4_HELP','TXT_KEY_PROJECT_WAR_PT4_PEDIA','TECH_ANIMAL_HUSBANDRY',1,1,30,29,'SPBalance_ATLAS','Promotion_WAR_PT4'),
        ('PROJECT_WAR_PT5','TXT_KEY_PROJECT_WAR_PT5','TXT_KEY_PROJECT_WAR_PT5_HELP','TXT_KEY_PROJECT_WAR_PT5_PEDIA','TECH_STEEL',1,1,70,29,'SPBalance_ATLAS','Promotion_WAR_PT5'),
        ('PROJECT_WAR_PT6','TXT_KEY_PROJECT_WAR_PT6','TXT_KEY_PROJECT_WAR_PT6_HELP','TXT_KEY_PROJECT_WAR_PT6_PEDIA','TECH_PHYSICS',1,1,70,29,'SPBalance_ATLAS','Promotion_WAR_PT6'),
        ('PROJECT_WAR_PT7','TXT_KEY_PROJECT_WAR_PT7','TXT_KEY_PROJECT_WAR_PT7_HELP','TXT_KEY_PROJECT_WAR_PT7_PEDIA','TECH_CIVIL_SERVICE',1,1,70,29,'SPBalance_ATLAS','Promotion_WAR_PT7'),
        ('PROJECT_WAR_PT8','TXT_KEY_PROJECT_WAR_PT8','TXT_KEY_PROJECT_WAR_PT8_HELP','TXT_KEY_PROJECT_WAR_PT8_PEDIA','TECH_CHIVALRY',1,1,70,29,'SPBalance_ATLAS','Promotion_WAR_PT8'),
        ('PROJECT_WAR_PT9','TXT_KEY_PROJECT_WAR_PT9','TXT_KEY_PROJECT_WAR_PT9_HELP','TXT_KEY_PROJECT_WAR_PT9_PEDIA','TECH_NAVIGATION',1,1,180,29,'SPBalance_ATLAS','Promotion_WAR_PT9'),
        ('PROJECT_WAR_PT10','TXT_KEY_PROJECT_WAR_PT10','TXT_KEY_PROJECT_WAR_PT10_HELP','TXT_KEY_PROJECT_WAR_PT10_PEDIA','TECH_GUNPOWDER',1,1,90,29,'SPBalance_ATLAS','Promotion_WAR_PT10'),
        ('PROJECT_WAR_PT11','TXT_KEY_PROJECT_WAR_PT11','TXT_KEY_PROJECT_WAR_PT11_HELP','TXT_KEY_PROJECT_WAR_PT11_PEDIA','TECH_METALLURGY',1,1,90,29,'SPBalance_ATLAS','Promotion_WAR_PT11'),
        ('PROJECT_WAR_PT12','TXT_KEY_PROJECT_WAR_PT12','TXT_KEY_PROJECT_WAR_PT12_HELP','TXT_KEY_PROJECT_WAR_PT12_PEDIA','TECH_BIOLOGY',1,1,150,29,'SPBalance_ATLAS','Promotion_WAR_PT12'),
        ('PROJECT_WAR_PT13','TXT_KEY_PROJECT_WAR_PT13','TXT_KEY_PROJECT_WAR_PT13_HELP','TXT_KEY_PROJECT_WAR_PT13_PEDIA','TECH_MILITARY_SCIENCE',1,1,150,29,'SPBalance_ATLAS','Promotion_WAR_PT13'),
        ('PROJECT_WAR_PT14','TXT_KEY_PROJECT_WAR_PT14','TXT_KEY_PROJECT_WAR_PT14_HELP','TXT_KEY_PROJECT_WAR_PT14_PEDIA','TECH_FLIGHT',1,1,240,29,'SPBalance_ATLAS','Promotion_WAR_PT14'),
        ('PROJECT_WAR_PT15','TXT_KEY_PROJECT_WAR_PT15','TXT_KEY_PROJECT_WAR_PT15_HELP','TXT_KEY_PROJECT_WAR_PT15_PEDIA','TECH_REPLACEABLE_PARTS',1,1,240,29,'SPBalance_ATLAS','Promotion_WAR_PT15'),
        ('PROJECT_WAR_PT16','TXT_KEY_PROJECT_WAR_PT16','TXT_KEY_PROJECT_WAR_PT16_HELP','TXT_KEY_PROJECT_WAR_PT16_PEDIA','TECH_SONAR',1,1,400,29,'SPBalance_ATLAS','Promotion_WAR_PT16'),
        ('PROJECT_WAR_PT17','TXT_KEY_PROJECT_WAR_PT17','TXT_KEY_PROJECT_WAR_PT17_HELP','TXT_KEY_PROJECT_WAR_PT17_PEDIA','TECH_COMBINED_ARMS',1,1,400,29,'SPBalance_ATLAS','Promotion_WAR_PT17'),
        ('PROJECT_WAR_PT18','TXT_KEY_PROJECT_WAR_PT18','TXT_KEY_PROJECT_WAR_PT18_HELP','TXT_KEY_PROJECT_WAR_PT18_PEDIA','TECH_LARGE_CALIBRE',1,1,400,29,'SPBalance_ATLAS','Promotion_WAR_PT18'),
        ('PROJECT_WAR_PT19','TXT_KEY_PROJECT_WAR_PT19','TXT_KEY_PROJECT_WAR_PT19_HELP','TXT_KEY_PROJECT_WAR_PT19_PEDIA','TECH_NUCLEAR_FISSION',1,1,1000,29,'SPBalance_ATLAS','Promotion_WAR_PT19'),
        ('PROJECT_WAR_PT20','TXT_KEY_PROJECT_WAR_PT20','TXT_KEY_PROJECT_WAR_PT20_HELP','TXT_KEY_PROJECT_WAR_PT20_PEDIA','TECH_ROCKETRY',1,1,1000,29,'SPBalance_ATLAS','Promotion_WAR_PT20'),
        ('PROJECT_WAR_PT21','TXT_KEY_PROJECT_WAR_PT21','TXT_KEY_PROJECT_WAR_PT21_HELP','TXT_KEY_PROJECT_WAR_PT21_PEDIA','TECH_ADV_FLIGHT',1,1,1000,29,'SPBalance_ATLAS','Promotion_WAR_PT21'),
        ('PROJECT_WAR_PT22','TXT_KEY_PROJECT_WAR_PT22','TXT_KEY_PROJECT_WAR_PT22_HELP','TXT_KEY_PROJECT_WAR_PT22_PEDIA','TECH_BVR_COMBAT',1,1,3000,29,'SPBalance_ATLAS','Promotion_WAR_PT22'),
        ('PROJECT_WAR_PT23','TXT_KEY_PROJECT_WAR_PT23','TXT_KEY_PROJECT_WAR_PT23_HELP','TXT_KEY_PROJECT_WAR_PT23_PEDIA','TECH_SATELLITES',1,1,3000,29,'SPBalance_ATLAS','Promotion_WAR_PT23'),
        ('PROJECT_WAR_PT24','TXT_KEY_PROJECT_WAR_PT24','TXT_KEY_PROJECT_WAR_PT24_HELP','TXT_KEY_PROJECT_WAR_PT24_PEDIA','TECH_AUTOMATION_T',1,1,3000,29,'SPBalance_ATLAS','Promotion_WAR_PT24'),
        ('PROJECT_WAR_PT25','TXT_KEY_PROJECT_WAR_PT25','TXT_KEY_PROJECT_WAR_PT25_HELP','TXT_KEY_PROJECT_WAR_PT25_PEDIA','TECH_ARTIFICIAL_INTELLIGENCE',1,1,5000,29,'SPBalance_ATLAS','Promotion_WAR_PT25'),
        ('PROJECT_WAR_PT26','TXT_KEY_PROJECT_WAR_PT26','TXT_KEY_PROJECT_WAR_PT26_HELP','TXT_KEY_PROJECT_WAR_PT26_PEDIA','TECH_STEALTH',1,1,5000,29,'SPBalance_ATLAS','Promotion_WAR_PT26'),
        ('PROJECT_WAR_PT27','TXT_KEY_PROJECT_WAR_PT27','TXT_KEY_PROJECT_WAR_PT27_HELP','TXT_KEY_PROJECT_WAR_PT27_PEDIA','TECH_TRANSHUMANISM',1,1,5000,29,'SPBalance_ATLAS','Promotion_WAR_PT27'),
        ('PROJECT_WAR_PT28','TXT_KEY_PROJECT_WAR_PT28','TXT_KEY_PROJECT_WAR_PT28_HELP','TXT_KEY_PROJECT_WAR_PT28_PEDIA','TECH_HORSEBACK_RIDING',1,1,50,29,'SPBalance_ATLAS','Promotion_WAR_PT28'),
        ('PROJECT_WAR_PT29','TXT_KEY_PROJECT_WAR_PT29','TXT_KEY_PROJECT_WAR_PT29_HELP','TXT_KEY_PROJECT_WAR_PT29_PEDIA','TECH_COMPOSITE',1,1,1000,29,'SPBalance_ATLAS','Promotion_WAR_PT29'),
        ('PROJECT_WAR_PT30','TXT_KEY_PROJECT_WAR_PT30','TXT_KEY_PROJECT_WAR_PT30_HELP','TXT_KEY_PROJECT_WAR_PT30_PEDIA','TECH_THEOLOGY',1,1,50,29,'SPBalance_ATLAS','Promotion_WAR_PT30'),
        ('PROJECT_WAR_PT31','TXT_KEY_PROJECT_WAR_PT31','TXT_KEY_PROJECT_WAR_PT31_HELP','TXT_KEY_PROJECT_WAR_PT31_PEDIA','TECH_ADMINISTRATION',1,1,100,29,'SPBalance_ATLAS','Promotion_WAR_PT31'),
        ('PROJECT_WAR_PT32','TXT_KEY_PROJECT_WAR_PT32','TXT_KEY_PROJECT_WAR_PT32_HELP','TXT_KEY_PROJECT_WAR_PT32_PEDIA','TECH_RAILROAD',1,1,150,29,'SPBalance_ATLAS','Promotion_WAR_PT32'),
        ('PROJECT_WAR_PT33','TXT_KEY_PROJECT_WAR_PT33','TXT_KEY_PROJECT_WAR_PT33_HELP','TXT_KEY_PROJECT_WAR_PT33_PEDIA','TECH_TELEGRAPH',1,1,180,29,'SPBalance_ATLAS','Promotion_WAR_PT33'),
        ('PROJECT_WAR_PT34','TXT_KEY_PROJECT_WAR_PT34','TXT_KEY_PROJECT_WAR_PT34_HELP','TXT_KEY_PROJECT_WAR_PT34_PEDIA','TECH_MILITARY_LOGISTICS',1,1,240,29,'SPBalance_ATLAS','Promotion_WAR_PT34'),
        ('PROJECT_WAR_PT35','TXT_KEY_PROJECT_WAR_PT35','TXT_KEY_PROJECT_WAR_PT35_HELP','TXT_KEY_PROJECT_WAR_PT35_PEDIA','TECH_RADIO',1,1,240,29,'SPBalance_ATLAS','Promotion_WAR_PT35'),
        ('PROJECT_WAR_PT36','TXT_KEY_PROJECT_WAR_PT36','TXT_KEY_PROJECT_WAR_PT36_HELP','TXT_KEY_PROJECT_WAR_PT36_PEDIA','TECH_PENICILIN',1,1,400,29,'SPBalance_ATLAS','Promotion_WAR_PT36'),
        ('PROJECT_WAR_PT37','TXT_KEY_PROJECT_WAR_PT37','TXT_KEY_PROJECT_WAR_PT37_HELP','TXT_KEY_PROJECT_WAR_PT37_PEDIA','TECH_ADVANCED_BALLISTICS',1,1,3000,29,'SPBalance_ATLAS','Promotion_WAR_PT37'),
        ('PROJECT_WAR_PT38','TXT_KEY_PROJECT_WAR_PT38','TXT_KEY_PROJECT_WAR_PT38_HELP','TXT_KEY_PROJECT_WAR_PT38_PEDIA','TECH_SPACE_TECHNOLOGY',1,1,5000,29,'SPBalance_ATLAS','Promotion_WAR_PT38');

INSERT INTO UnitPromotions_UnitCombats
        (PromotionType,UnitCombatType)VALUES
        ('Promotion_WAR_PT1','UNITCOMBAT_MELEE'),
        ('Promotion_WAR_PT1_1','UNITCOMBAT_MELEE'),
        ('Promotion_WAR_PT2','UNITCOMBAT_SIEGE'),
        ('Promotion_WAR_PT2_1','UNITCOMBAT_SIEGE'),
        ('Promotion_WAR_PT3','UNITCOMBAT_RECON'),
        ('Promotion_WAR_PT3_1','UNITCOMBAT_RECON'),
        ('Promotion_WAR_PT4','UNITCOMBAT_MOUNTED'),
        ('Promotion_WAR_PT4_1','UNITCOMBAT_MOUNTED'),
        ('Promotion_WAR_PT4','UNITCOMBAT_HELICOPTER'),
        ('Promotion_WAR_PT4_1','UNITCOMBAT_HELICOPTER'),
        --重步
        ('Promotion_WAR_PT5','UNITCOMBAT_MELEE'),
        --重骑
        ('Promotion_WAR_PT5','UNITCOMBAT_MOUNTED'),
        --陆军游猎
        ('Promotion_WAR_PT5','UNITCOMBAT_HELICOPTER'),
        --陆远
        ('Promotion_WAR_PT5','UNITCOMBAT_SIEGE'),
        --特战
        ('Promotion_WAR_PT5','UNITCOMBAT_GUN'),
        --民兵
        ('Promotion_WAR_PT5','UNITCOMBAT_RECON'),
        --装甲
        ('Promotion_WAR_PT5','UNITCOMBAT_ARMOR'),
        --陆军特种
        ('Promotion_WAR_PT5','UNITCOMBAT_BOMBER'),
        ('Promotion_WAR_PT5_1','UNITCOMBAT_MELEE'),
        ('Promotion_WAR_PT5_1','UNITCOMBAT_MOUNTED'),
        ('Promotion_WAR_PT6','UNITCOMBAT_SIEGE'),
        ('Promotion_WAR_PT6_1','UNITCOMBAT_SIEGE'),
        ('Promotion_WAR_PT7','UNITCOMBAT_GUN'),
        ('Promotion_WAR_PT7_1','UNITCOMBAT_GUN'),
        ('Promotion_WAR_PT8','UNITCOMBAT_MOUNTED'),
        ('Promotion_WAR_PT8_1','UNITCOMBAT_MOUNTED'),
        ('Promotion_WAR_PT8','UNITCOMBAT_ARMOR'),
        ('Promotion_WAR_PT8_1','UNITCOMBAT_ARMOR'),
        --海军远程
        ('Promotion_WAR_PT9','UNITCOMBAT_NAVALRANGED'),
        --海军近战
        ('Promotion_WAR_PT9','UNITCOMBAT_NAVALMELEE'),
        --海军游猎
        ('Promotion_WAR_PT9','UNITCOMBAT_SUBMARINE'),
        --航母
        ('Promotion_WAR_PT9','UNITCOMBAT_CARRIER'),
        ('Promotion_WAR_PT9_1','UNITCOMBAT_NAVALRANGED'),
        ('Promotion_WAR_PT9_1','UNITCOMBAT_NAVALMELEE'),
        ('Promotion_WAR_PT9_1','UNITCOMBAT_SUBMARINE'),
        ('Promotion_WAR_PT9_1','UNITCOMBAT_CARRIER'),
        ('Promotion_WAR_PT9_2','UNITCOMBAT_NAVALRANGED'),
        ('Promotion_WAR_PT9_2','UNITCOMBAT_NAVALMELEE'),
        ('Promotion_WAR_PT9_2','UNITCOMBAT_SUBMARINE'),
        ('Promotion_WAR_PT9_2','UNITCOMBAT_CARRIER'),
        ('Promotion_WAR_PT9_3','UNITCOMBAT_NAVALRANGED'),
        ('Promotion_WAR_PT9_3','UNITCOMBAT_NAVALMELEE'),
        ('Promotion_WAR_PT9_3','UNITCOMBAT_SUBMARINE'),
        ('Promotion_WAR_PT9_3','UNITCOMBAT_CARRIER'),
        ('Promotion_WAR_PT9_4','UNITCOMBAT_NAVALRANGED'),
        ('Promotion_WAR_PT9_4','UNITCOMBAT_NAVALMELEE'),
        ('Promotion_WAR_PT9_4','UNITCOMBAT_SUBMARINE'),
        ('Promotion_WAR_PT9_4','UNITCOMBAT_CARRIER'),
        ('Promotion_WAR_PT10','UNITCOMBAT_MELEE'),
        ('Promotion_WAR_PT10','UNITCOMBAT_MOUNTED'),
        ('Promotion_WAR_PT10','UNITCOMBAT_HELICOPTER'),
        ('Promotion_WAR_PT10','UNITCOMBAT_SIEGE'),
        ('Promotion_WAR_PT10','UNITCOMBAT_GUN'),
        ('Promotion_WAR_PT10','UNITCOMBAT_RECON'),
        ('Promotion_WAR_PT10','UNITCOMBAT_ARMOR'),
        ('Promotion_WAR_PT10','UNITCOMBAT_BOMBER'),
        ('Promotion_WAR_PT10','UNITCOMBAT_NAVALRANGED'),
        ('Promotion_WAR_PT10','UNITCOMBAT_NAVALMELEE'),
        ('Promotion_WAR_PT10','UNITCOMBAT_SUBMARINE'),
        ('Promotion_WAR_PT10_1','UNITCOMBAT_MELEE'),
        ('Promotion_WAR_PT11','UNITCOMBAT_MELEE'),
        ('Promotion_WAR_PT11','UNITCOMBAT_MOUNTED'),
        ('Promotion_WAR_PT11','UNITCOMBAT_HELICOPTER'),
        ('Promotion_WAR_PT11','UNITCOMBAT_SIEGE'),
        ('Promotion_WAR_PT11','UNITCOMBAT_GUN'),
        ('Promotion_WAR_PT11','UNITCOMBAT_CARRIER'),
        ('Promotion_WAR_PT11','UNITCOMBAT_ARMOR'),
        ('Promotion_WAR_PT11','UNITCOMBAT_BOMBER'),
        ('Promotion_WAR_PT11','UNITCOMBAT_NAVALRANGED'),
        ('Promotion_WAR_PT11','UNITCOMBAT_NAVALMELEE'),
        ('Promotion_WAR_PT11','UNITCOMBAT_SUBMARINE'),
        ('Promotion_WAR_PT11','UNITCOMBAT_FIGHTER'),
        ('Promotion_WAR_PT11','UNITCOMBAT_ARCHER'),
        ('Promotion_WAR_PT11_1','UNITCOMBAT_MOUNTED'),
        ('Promotion_WAR_PT11_1','UNITCOMBAT_ARMOR'),
        ('Promotion_WAR_PT12','UNITCOMBAT_NAVALRANGED'),
        ('Promotion_WAR_PT12','UNITCOMBAT_NAVALMELEE'),
        ('Promotion_WAR_PT12','UNITCOMBAT_SUBMARINE'),
        ('Promotion_WAR_PT12','UNITCOMBAT_CARRIER'),
        ('Promotion_WAR_PT12_1','UNITCOMBAT_SUBMARINE'),
        ('Promotion_WAR_PT13','UNITCOMBAT_NAVALRANGED'),
        ('Promotion_WAR_PT13','UNITCOMBAT_NAVALMELEE'),
        ('Promotion_WAR_PT13','UNITCOMBAT_SUBMARINE'),
        ('Promotion_WAR_PT13','UNITCOMBAT_CARRIER'),
        ('Promotion_WAR_PT13_1','UNITCOMBAT_NAVALRANGED'),
        ('Promotion_WAR_PT14','UNITCOMBAT_FIGHTER'),
        ('Promotion_WAR_PT14_1','UNITCOMBAT_FIGHTER'),
        ('Promotion_WAR_PT14','UNITCOMBAT_ARCHER'),
        ('Promotion_WAR_PT14_1','UNITCOMBAT_ARCHER'),
        ('Promotion_WAR_PT16','UNITCOMBAT_NAVALRANGED'),
        ('Promotion_WAR_PT16','UNITCOMBAT_NAVALMELEE'),
        ('Promotion_WAR_PT16','UNITCOMBAT_SUBMARINE'),
        ('Promotion_WAR_PT16','UNITCOMBAT_CARRIER'),
        ('Promotion_WAR_PT17','UNITCOMBAT_CARRIER'),
        ('Promotion_WAR_PT17_1','UNITCOMBAT_CARRIER'),
        ('Promotion_WAR_PT18','UNITCOMBAT_NAVALRANGED'),
        ('Promotion_WAR_PT18_1','UNITCOMBAT_NAVALRANGED'),
        ('Promotion_WAR_PT20','UNITCOMBAT_BOMBER'),
        ('Promotion_WAR_PT21','UNITCOMBAT_FIGHTER'),
        ('Promotion_WAR_PT21_1','UNITCOMBAT_FIGHTER'),
        ('Promotion_WAR_PT21','UNITCOMBAT_ARCHER'),
        ('Promotion_WAR_PT21_1','UNITCOMBAT_ARCHER'),
        ('Promotion_WAR_PT23','UNITCOMBAT_GUN'),
        ('Promotion_WAR_PT24','UNITCOMBAT_CARRIER'),
        ('Promotion_WAR_PT26','UNITCOMBAT_CARRIER'),
        ('Promotion_WAR_PT27','UNITCOMBAT_ARMOR'),
        ('Promotion_WAR_PT28','UNITCOMBAT_HELICOPTER'),
        ('Promotion_WAR_PT28_1','UNITCOMBAT_HELICOPTER'),
        ('Promotion_WAR_PT29','UNITCOMBAT_ARMOR'),
        ('Promotion_WAR_PT29_N','UNITCOMBAT_ARMOR'),
        ('Promotion_WAR_PT30','UNITCOMBAT_MELEE'),
        ('Promotion_WAR_PT30','UNITCOMBAT_MOUNTED'),
        ('Promotion_WAR_PT30','UNITCOMBAT_HELICOPTER'),
        ('Promotion_WAR_PT30','UNITCOMBAT_SIEGE'),
        ('Promotion_WAR_PT30','UNITCOMBAT_GUN'),
        ('Promotion_WAR_PT30','UNITCOMBAT_ARMOR'),
        ('Promotion_WAR_PT30','UNITCOMBAT_BOMBER'),
        ('Promotion_WAR_PT32','UNITCOMBAT_MELEE'),
        ('Promotion_WAR_PT32','UNITCOMBAT_MOUNTED'),
        ('Promotion_WAR_PT32','UNITCOMBAT_HELICOPTER'),
        ('Promotion_WAR_PT32','UNITCOMBAT_SIEGE'),
        ('Promotion_WAR_PT32','UNITCOMBAT_GUN'),
        ('Promotion_WAR_PT32','UNITCOMBAT_ARMOR'),
        ('Promotion_WAR_PT32','UNITCOMBAT_BOMBER'),
        ('Promotion_WAR_PT32','UNITCOMBAT_RECON'),
        ('Promotion_WAR_PT34','UNITCOMBAT_RECON'),
        ('Promotion_WAR_PT36','UNITCOMBAT_MELEE'),
        ('Promotion_WAR_PT36','UNITCOMBAT_MOUNTED'),
        ('Promotion_WAR_PT36','UNITCOMBAT_HELICOPTER'),
        ('Promotion_WAR_PT36','UNITCOMBAT_SIEGE'),
        ('Promotion_WAR_PT36','UNITCOMBAT_GUN'),
        ('Promotion_WAR_PT36','UNITCOMBAT_ARMOR'),
        ('Promotion_WAR_PT36','UNITCOMBAT_BOMBER'),
        ('Promotion_WAR_PT36','UNITCOMBAT_RECON'),
        ('Promotion_WAR_PT36_1','UNITCOMBAT_HELICOPTER'),
        ('Promotion_WAR_PT37','UNITCOMBAT_SIEGE'),
        ('Promotion_WAR_PT37_1','UNITCOMBAT_SIEGE'),
        ('Promotion_WAR_PT37','UNITCOMBAT_NAVALRANGED'),
        ('Promotion_WAR_PT37','UNITCOMBAT_SUBMARINE'),
        ('Promotion_WAR_PT38','UNITCOMBAT_FIGHTER');


INSERT OR IGNORE INTO UnitPromotions_UnitCombats(PromotionType, UnitCombatType)
SELECT 'Promotion_WAR_PT31', Type  FROM UnitCombatInfos UNION
SELECT 'Promotion_WAR_PT35', Type  FROM UnitCombatInfos UNION
SELECT 'Promotion_WAR_PT25', Type  FROM UnitCombatInfos UNION 
SELECT 'Promotion_WAR_PT15', Type  FROM UnitCombatInfos;


INSERT INTO Promotion_PromotionPrereqAnds
        (PromotionType,PrereqPromotionType)VALUES
        ('Promotion_WAR_PT3_1','PROMOTION_MILITIA_COMBAT'),
        ('Promotion_WAR_PT6_1','PROMOTION_CITY_SIEGE'),
        ('Promotion_WAR_PT7_1','PROMOTION_SPECIAL_FORCES_COMBAT'),
        ('Promotion_WAR_PT10_1','PROMOTION_GUNPOWDER_INFANTRY_COMBAT'),
        ('Promotion_WAR_PT14_1','PROMOTION_AIR_ATTACK'),
        ('Promotion_WAR_PT37_1','PROMOTION_ARCHERY_COMBAT'),
        ('Promotion_WAR_PT21_1','PROMOTION_STRATEGIC_BOMBER');

INSERT INTO Promotion_PromotionExclusionAny
        (PromotionType,ExclusionPromotionType)VALUES
        ('Promotion_WAR_PT1_1','PROMOTION_ANTI_MOUNTED'),
        ('Promotion_WAR_PT1_1','PROMOTION_ANTI_TANK'),
        ('Promotion_WAR_PT2_1','PROMOTION_CITY_SIEGE'),
        ('Promotion_WAR_PT5_1','PROMOTION_ANTI_MOUNTED'),
        ('Promotion_WAR_PT5_1','PROMOTION_ANTI_TANK'),
        ('Promotion_WAR_PT6','PROMOTION_ARCHERY_COMBAT'),
        ('Promotion_WAR_PT6_1','PROMOTION_ARCHERY_COMBAT');

INSERT INTO Promotion_AuraPromotionProviderNum
        (PromotionType,AuraPromotionType,ProviderNum)VALUES
        ('Promotion_WAR_PT3_1','Promotion_WAR_PT3_2',1),
        ('Promotion_WAR_PT22','Promotion_WAR_PT22_1',1),
        ('Promotion_WAR_PT24','Promotion_WAR_PT24_1',1),
        ('Promotion_WAR_PT26','Promotion_WAR_PT26_2',1),
        ('Promotion_WAR_PT29_N','Promotion_WAR_PT29_1',1),
        ('Promotion_WAR_PT29_N','Promotion_WAR_PT29_2',2),
        ('Promotion_WAR_PT29_N','Promotion_WAR_PT29_3',3),
        ('Promotion_WAR_PT29_N','Promotion_WAR_PT29_4',4),
        ('Promotion_WAR_PT29_N','Promotion_WAR_PT29_5',5),
        ('Promotion_WAR_PT29_N','Promotion_WAR_PT29_6',6),
        ('Promotion_WAR_PT29_N','Promotion_WAR_PT29_7',7),
        ('Promotion_WAR_PT29_N','Promotion_WAR_PT29_8',8),
        ('Promotion_WAR_PT29_N','Promotion_WAR_PT29_9',9),
        ('Promotion_WAR_PT29_N','Promotion_WAR_PT29_10',10),
        ('Promotion_WAR_PT33','Promotion_WAR_PT33_1',1);

INSERT INTO Promotion_AuraPromotionDomains
        (PromotionType,DomainType)VALUES
        ('Promotion_WAR_PT3_1','DOMAIN_LAND'),
        ('Promotion_WAR_PT3_1','DOMAIN_SEA'),
        ('Promotion_WAR_PT22','DOMAIN_LAND'),
        ('Promotion_WAR_PT22','DOMAIN_SEA'),
        ('Promotion_WAR_PT24','DOMAIN_SEA'),
        ('Promotion_WAR_PT26','DOMAIN_SEA'),
        ('Promotion_WAR_PT29_N','DOMAIN_LAND'),
        ('Promotion_WAR_PT33','DOMAIN_LAND'),
        ('Promotion_WAR_PT33','DOMAIN_SEA'),
        ('Promotion_WAR_PT34','DOMAIN_LAND'),
        ('Promotion_WAR_PT34','DOMAIN_SEA');

INSERT INTO Promotion_Builds
        (PromotionType,BuildType)VALUES
        ('Promotion_WAR_PT7_1','BUILD_ROAD'),
        ('Promotion_WAR_PT7_1','BUILD_RAILROAD');

INSERT INTO SPCarrierTransferPromotions
        (CarrierPromotionType,FighterPromotionType)
VALUES	('Promotion_WAR_PT17_1','Promotion_WAR_PT17_2'),
        ('Promotion_WAR_PT24_2','Promotion_WAR_PT24_3'),
        ('Promotion_WAR_PT26','Promotion_WAR_PT26_1');

INSERT INTO Project_Flavors
        (ProjectType,FlavorType,Flavor)VALUES
        ('PROJECT_WAR_PT1','FLAVOR_OFFENSE',30),
        ('PROJECT_WAR_PT1','FLAVOR_DEFENSE',30),
        ('PROJECT_WAR_PT1','FLAVOR_MILITARY_TRAINING',30),

        ('PROJECT_WAR_PT2','FLAVOR_OFFENSE',30),
        ('PROJECT_WAR_PT2','FLAVOR_DEFENSE',30),
        ('PROJECT_WAR_PT2','FLAVOR_MILITARY_TRAINING',30),
        ('PROJECT_WAR_PT2','FLAVOR_RANGED',40),

        ('PROJECT_WAR_PT3','FLAVOR_OFFENSE',3),
        ('PROJECT_WAR_PT3','FLAVOR_DEFENSE',3),

        ('PROJECT_WAR_PT4','FLAVOR_OFFENSE',50),
        ('PROJECT_WAR_PT4','FLAVOR_DEFENSE',15),
        ('PROJECT_WAR_PT4','FLAVOR_MOBILE',50),
        ('PROJECT_WAR_PT4','FLAVOR_MILITARY_TRAINING',15),

        ('PROJECT_WAR_PT5','FLAVOR_OFFENSE',20),
        ('PROJECT_WAR_PT5','FLAVOR_DEFENSE',50),
        ('PROJECT_WAR_PT5','FLAVOR_MILITARY_TRAINING',20),
        ('PROJECT_WAR_PT5','FLAVOR_MOBILE',50),

        ('PROJECT_WAR_PT6','FLAVOR_OFFENSE',15),
        ('PROJECT_WAR_PT6','FLAVOR_DEFENSE',15),
        ('PROJECT_WAR_PT6','FLAVOR_RANGED',15),

        ('PROJECT_WAR_PT7','FLAVOR_OFFENSE',12),
        ('PROJECT_WAR_PT7','FLAVOR_DEFENSE',12),

        ('PROJECT_WAR_PT8','FLAVOR_OFFENSE',60),
        ('PROJECT_WAR_PT8','FLAVOR_DEFENSE',40),
        ('PROJECT_WAR_PT8','FLAVOR_MOBILE',60),
        ('PROJECT_WAR_PT8','FLAVOR_MILITARY_TRAINING',40),

        ('PROJECT_WAR_PT9','FLAVOR_OFFENSE',50),
        ('PROJECT_WAR_PT9','FLAVOR_DEFENSE',50),
        ('PROJECT_WAR_PT9','FLAVOR_NAVAL',50),
        ('PROJECT_WAR_PT9','FLAVOR_MILITARY_TRAINING',50),
        ('PROJECT_WAR_PT9','FLAVOR_NAVAL_RECON',50),
        ('PROJECT_WAR_PT9','FLAVOR_NAVAL_GROWTH',50),
        ('PROJECT_WAR_PT9','FLAVOR_NAVAL_TILE_IMPROVEMENT',50),
        ('PROJECT_WAR_PT9','FLAVOR_EXPANSION',50),
        ('PROJECT_WAR_PT9','FLAVOR_AIR_CARRIER',50),

        ('PROJECT_WAR_PT10','FLAVOR_DEFENSE',25),
        ('PROJECT_WAR_PT10','FLAVOR_OFFENSE',10),
        ('PROJECT_WAR_PT10','FLAVOR_MOBILE',10),
        ('PROJECT_WAR_PT10','FLAVOR_MILITARY_TRAINING',25),

        ('PROJECT_WAR_PT11','FLAVOR_DEFENSE',40),
        ('PROJECT_WAR_PT11','FLAVOR_OFFENSE',40),
        ('PROJECT_WAR_PT11','FLAVOR_MOBILE',40),
        ('PROJECT_WAR_PT11','FLAVOR_MILITARY_TRAINING',40),
        ('PROJECT_WAR_PT11','FLAVOR_EXPANSION',40),
        ('PROJECT_WAR_PT11','FLAVOR_CITY_DEFENSE',40),

        ('PROJECT_WAR_PT12','FLAVOR_OFFENSE',50),
        ('PROJECT_WAR_PT12','FLAVOR_DEFENSE',50),
        ('PROJECT_WAR_PT12','FLAVOR_NAVAL',60),
        ('PROJECT_WAR_PT12','FLAVOR_NAVAL_RECON',50),
        ('PROJECT_WAR_PT12','FLAVOR_MILITARY_TRAINING',50),

        ('PROJECT_WAR_PT13','FLAVOR_OFFENSE',60),
        ('PROJECT_WAR_PT13','FLAVOR_NAVAL',60),
        ('PROJECT_WAR_PT13','FLAVOR_MILITARY_TRAINING',60),
        ('PROJECT_WAR_PT13','FLAVOR_RANGED',60),

        ('PROJECT_WAR_PT14','FLAVOR_OFFENSE',50),
        ('PROJECT_WAR_PT14','FLAVOR_DEFENSE',30),
        ('PROJECT_WAR_PT14','FLAVOR_AIR',100),
        ('PROJECT_WAR_PT14','FLAVOR_MILITARY_TRAINING',50),
        ('PROJECT_WAR_PT14','FLAVOR_ANTIAIR',30),

        ('PROJECT_WAR_PT15','FLAVOR_OFFENSE',70),
        ('PROJECT_WAR_PT15','FLAVOR_DEFENSE',70),

        ('PROJECT_WAR_PT16','FLAVOR_OFFENSE',50),
        ('PROJECT_WAR_PT16','FLAVOR_NAVAL',100),
        ('PROJECT_WAR_PT16','FLAVOR_NAVAL_RECON',50),

        ('PROJECT_WAR_PT17','FLAVOR_DEFENSE',50),
        ('PROJECT_WAR_PT17','FLAVOR_OFFENSE',50),
        ('PROJECT_WAR_PT17','FLAVOR_NAVAL',50),
        ('PROJECT_WAR_PT17','FLAVOR_AIR_CARRIER',100),
        ('PROJECT_WAR_PT17','FLAVOR_MILITARY_TRAINING',50),

        ('PROJECT_WAR_PT18','FLAVOR_DEFENSE',70),
        ('PROJECT_WAR_PT18','FLAVOR_OFFENSE',110),
        ('PROJECT_WAR_PT18','FLAVOR_NAVAL',120),

        ('PROJECT_WAR_PT19','FLAVOR_OFFENSE',999),
        ('PROJECT_WAR_PT19','FLAVOR_NUKE',999),
        ('PROJECT_WAR_PT19','FLAVOR_USE_NUKE',999),

        ('PROJECT_WAR_PT20','FLAVOR_DEFENSE',200),
        ('PROJECT_WAR_PT20','FLAVOR_RANGED',400),
        ('PROJECT_WAR_PT20','FLAVOR_MILITARY_TRAINING',200),

        ('PROJECT_WAR_PT21','FLAVOR_AIR',500),

        ('PROJECT_WAR_PT22','FLAVOR_AIR',500),
        ('PROJECT_WAR_PT22','FLAVOR_NAVAL',250),
        ('PROJECT_WAR_PT22','FLAVOR_RANGED',250),
        ('PROJECT_WAR_PT22','FLAVOR_ANTIAIR',250),
        ('PROJECT_WAR_PT22','FLAVOR_MILITARY_TRAINING',250),

        ('PROJECT_WAR_PT23','FLAVOR_OFFENSE',6),
        ('PROJECT_WAR_PT23','FLAVOR_AIRLIFT',6),

        ('PROJECT_WAR_PT24','FLAVOR_NAVAL',333),
        ('PROJECT_WAR_PT24','FLAVOR_OFFENSE',333),
        ('PROJECT_WAR_PT24','FLAVOR_AIR_CARRIER',334),

        ('PROJECT_WAR_PT25','FLAVOR_OFFENSE',999),

        ('PROJECT_WAR_PT26','FLAVOR_OFFENSE',999),
        ('PROJECT_WAR_PT26','FLAVOR_AIR_CARRIER',999),
        ('PROJECT_WAR_PT26','FLAVOR_NAVAL',999),

        ('PROJECT_WAR_PT27','FLAVOR_OFFENSE',999),
        ('PROJECT_WAR_PT27','FLAVOR_DEFENSE',999),

        ('PROJECT_WAR_PT28','FLAVOR_OFFENSE',10),
        ('PROJECT_WAR_PT28','FLAVOR_DEFENSE',10),
        ('PROJECT_WAR_PT28','FLAVOR_MILITARY_TRAINING',15),
        ('PROJECT_WAR_PT28','FLAVOR_MOBILE',15),

        ('PROJECT_WAR_PT29','FLAVOR_OFFENSE',60),
        ('PROJECT_WAR_PT29','FLAVOR_DEFENSE',20),
        ('PROJECT_WAR_PT29','FLAVOR_MILITARY_TRAINING',20),
        ('PROJECT_WAR_PT29','FLAVOR_MOBILE',60),

        ('PROJECT_WAR_PT30','FLAVOR_OFFENSE',30),
        ('PROJECT_WAR_PT30','FLAVOR_RECON',30),

        ('PROJECT_WAR_PT31','FLAVOR_OFFENSE',50),
        ('PROJECT_WAR_PT31','FLAVOR_DEFENSE',10),

        ('PROJECT_WAR_PT32','FLAVOR_OFFENSE',50),
        ('PROJECT_WAR_PT32','FLAVOR_MILITARY_TRAINING',50),
        ('PROJECT_WAR_PT32','FLAVOR_MOBILE',50),

        ('PROJECT_WAR_PT33','FLAVOR_OFFENSE',60),
        ('PROJECT_WAR_PT33','FLAVOR_RANGED',60),

        ('PROJECT_WAR_PT34','FLAVOR_OFFENSE',6),

        ('PROJECT_WAR_PT35','FLAVOR_OFFENSE',6),

        ('PROJECT_WAR_PT36','FLAVOR_OFFENSE',50),
        ('PROJECT_WAR_PT36','FLAVOR_DEFENSE',50),
        ('PROJECT_WAR_PT36','FLAVOR_MILITARY_TRAINING',50),
        ('PROJECT_WAR_PT36','FLAVOR_MOBILE',50),
        ('PROJECT_WAR_PT36','FLAVOR_CITY_DEFENSE',25),
        ('PROJECT_WAR_PT36','FLAVOR_EXPANSION',25),

        ('PROJECT_WAR_PT37','FLAVOR_OFFENSE',250),
        ('PROJECT_WAR_PT37','FLAVOR_DEFENSE',250),
        ('PROJECT_WAR_PT37','FLAVOR_RANGED',600),
        ('PROJECT_WAR_PT37','FLAVOR_ANTIAIR',500),

        ('PROJECT_WAR_PT38','FLAVOR_AIR',400),
        ('PROJECT_WAR_PT38','FLAVOR_AIR_CARRIER',400),
        ('PROJECT_WAR_PT38','FLAVOR_ANTIAIR',400),
        ('PROJECT_WAR_PT38','FLAVOR_OFFENSE',500);
        
INSERT OR IGNORE INTO UnitPromotions_CivilianUnitType(PromotionType, UnitType) 
SELECT 'Promotion_WAR_PT19', Type  FROM Units WHERE Suicide = 1;

INSERT OR IGNORE INTO UnitPromotions_CivilianUnitType(PromotionType, UnitType) 
SELECT 'Promotion_WAR_PT22', Type  FROM Units WHERE AirInterceptRange > 0;

INSERT OR IGNORE INTO UnitPromotions_CivilianUnitType(PromotionType, UnitType) 
VALUES ('Promotion_WAR_PT25','UNIT_UAV');

INSERT OR IGNORE INTO UnitPromotions_CivilianUnitType(PromotionType, UnitType) 
SELECT 'Promotion_WAR_PT26_1', Type
FROM Units
WHERE EXISTS (
    SELECT 1
    FROM Unit_FreePromotions
    WHERE Unit_FreePromotions.UnitType = Units.Type
      AND Unit_FreePromotions.PromotionType = 'PROMOTION_CARRIER_FIGHTER'
);
INSERT OR IGNORE INTO UnitPromotions_CivilianUnitType(PromotionType, UnitType) 
SELECT 'Promotion_WAR_PT33', Type  FROM Units WHERE Class = 'UNITCLASS_GREAT_GENERAL';

INSERT OR IGNORE INTO UnitPromotions_CivilianUnitType(PromotionType, UnitType) 
SELECT 'Promotion_WAR_PT33', Type  FROM Units WHERE Class = 'UNITCLASS_GREAT_ADMIRAL';

INSERT OR REPLACE INTO IconFontMapping(IconName,IconFontTexture,IconMapping) 
SELECT 'ICON_WPT_' || CAST(PortraitIndex+1 AS TEXT),'ICON_FONT_TEXTURE_WPT',PortraitIndex+1 
FROM UnitPromotions WHERE IconAtlas = 'WPT_ICON';

INSERT OR REPLACE INTO IconFontMapping(IconName,IconFontTexture,IconMapping) 
SELECT 'ICON_WPT_2_' || CAST(PortraitIndex+1 AS TEXT),'ICON_FONT_TEXTURE_WPT_2',PortraitIndex+1 
FROM UnitPromotions WHERE IconAtlas = 'WPT_ICON_2';

UPDATE UnitPromotions
SET IconStringSP = '[ICON_WPT_' || CAST(PortraitIndex + 1 AS TEXT) || ']'
WHERE IconAtlas = 'WPT_ICON';

UPDATE UnitPromotions
SET IconStringSP = '[ICON_WPT_2_' || CAST(PortraitIndex + 1 AS TEXT) || ']'
WHERE IconAtlas = 'WPT_ICON_2';
