UPDATE CustomModOptions SET Value = 1 WHERE Name = 'PROMOTION_AURA_PROMOTION';	--开启光环
INSERT INTO项目(Type, Description, Help, Civilopedia, TechPrereq, MaxGlobalInstances, MaxTeamInstances, Cost, PortraitIndex, IconAtlas, FreePromotion)
VALUES	('PROJECT_WAR_PT1','TXT_KEY_PROJECT_WAR_PT1','TXT_KEY_PROJECT_WAR_PT1_HELP','TXT_KEY_PROJECT_WAR_PT1_PEDIA','TECH_IRON_WORKING',1,1,30,29,'SPBalance_ATLAS','Promotion_WAR_PT1'),
        ('PROJECT_WAR_PT2','TXT_KEY_PROJECT_WAR_PT2','TXT_KEY_PROJECT_WAR_PT2_HELP','TXT_KEY_PROJECT_WAR_PT2_PEDIA','TECH_POTTERY',1,1,30,29,'SPBalance_ATLAS','Promotion_WAR_PT2'),
        ('PROJECT_WAR_PT3','TXT_KEY_PROJECT_WAR_PT3','TXT_KEY_PROJECT_WAR_PT3_HELP','TXT_KEY_PROJECT_WAR_PT3_PEDIA','TECH_WRITING',1,1,30,29,'SPBalance_ATLAS','Promotion_WAR_PT3'),
        ('PROJECT_WAR_PT4','TXT_KEY_PROJECT_WAR_PT4','TXT_KEY_PROJECT_WAR_PT4_HELP','TXT_KEY_PROJECT_WAR_PT4_PEDIA','TECH_ANIMAL_HUSBANDRY',1,1,30,29,'SPBalance_ATLAS','Promotion_WAR_PT4'),
        ('PROJECT_WAR_PT5','TXT_KEY_PROJECT_WAR_PT5','TXT_KEY_PROJECT_WAR_PT5_HELP','TXT_KEY_PROJECT_WAR_PT5_PEDIA','TECH_STEEL',1,1,70,29,'SPBalance_ATLAS','Promotion_WAR_PT5'),
        ('PROJECT_WAR_PT6','TXT_KEY_PROJECT_WAR_PT6','TXT_KEY_PROJECT_WAR_PT6_HELP','TXT_KEY_PROJECT_WAR_PT6_PEDIA','TECH_PHYSICS',1,1,70,29,'SPBalance_ATLAS','Promotion_WAR_PT6'),
        ('PROJECT_WAR_PT7','TXT_KEY_PROJECT_WAR_PT7','TXT_KEY_PROJECT_WAR_PT7_HELP','TXT_KEY_PROJECT_WAR_PT7_PEDIA','TECH_CIVIL_SERVICE',1,1,70,29,'SPBalance_ATLAS','Promotion_WAR_PT7'),
        ('PROJECT_WAR_PT8','TXT_KEY_PROJECT_WAR_PT8','TXT_KEY_PROJECT_WAR_PT8_HELP','TXT_KEY_PROJECT_WAR_PT8_PEDIA','TECH_CHIVALRY',1,1,70,29,'SPBalance_ATLAS','Promotion_WAR_PT8'),
        ('PROJECT_WAR_PT9','TXT_KEY_PROJECT_WAR_PT9','TXT_KEY_PROJECT_WAR_PT9_HELP','TXT_KEY_PROJECT_WAR_PT9_PEDIA','TECH_NAVIGATION',1,1,180,29,'SPBalance_ATLAS','Promotion_WAR_PT9'),
        ('PROJECT_WAR_PT10','TXT_KEY_PROJECT_WAR_PT10','TXT_KEY_PROJECT_WAR_PT10_HELP','TXT_KEY_PROJECT_WAR_PT10_PEDIA','TECH_GUNPOWDER',1,1,90,29,'SPBalance_ATLAS','Promotion_WAR_PT10'),
        ('PROJECT_WAR_PT11','TXT_KEY_PROJECT_WAR_PT11','TXT_KEY_PROJECT_WAR_PT11_HELP','TXT_KEY_PROJECT_WAR_PT11_PEDIA','TECH_METALLURGY',1,1,90,29,'SPBalance_ATLAS','Promotion_WAR_PT11'),
        ('PROJECT_WAR_PT12','TXT_KEY_PROJECT_WAR_PT12','TXT_KEY_PROJECT_WAR_PT12_HELP','TXT_KEY_PROJECT_WAR_PT12_PEDIA','TECH_BIOLOGY',1,1,150,29,'SPBalance_ATLAS','Promotion_WAR_PT12'),
        ('PROJECT_WAR_PT13','TXT_KEY_PROJECT_WAR_PT13','TXT_KEY_PROJECT_WAR_PT13_HELP','TXT_KEY_PROJECT_WAR_PT13_PEDIA','TECH_MILITARY_SCIENCE',1,1,150,29,'SPBalance_ATLAS','Promotion_WAR_PT13'),
        ('PROJECT_WAR_PT14','TXT_KEY_PROJECT_WAR_PT14','TXT_KEY_PROJECT_WAR_PT14_HELP','TXT_KEY_PROJECT_WAR_PT14_PEDIA','TECH_FLIGHT',1,1,240,29,'SPBalance_ATLAS','Promotion_WAR_PT14'),
        ('PROJECT_WAR_PT15','TXT_KEY_PROJECT_WAR_PT15','TXT_KEY_PROJECT_WAR_PT15_HELP','TXT_KEY_PROJECT_WAR_PT15_PEDIA','TECH_REPLACEABLE_PARTS',1,1,240,29,'SPBalance_ATLAS','Promotion_WAR_PT15'),
        ('PROJECT_WAR_PT16','TXT_KEY_PROJECT_WAR_PT16','TXT_KEY_PROJECT_WAR_PT16_HELP','TXT_KEY_PROJECT_WAR_PT16_PEDIA','TECH_SONAR',1,1,400,29,'SPBalance_ATLAS','Promotion_WAR_PT16'),
        ('PROJECT_WAR_PT17','TXT_KEY_PROJECT_WAR_PT17','TXT_KEY_PROJECT_WAR_PT17_HELP','TXT_KEY_PROJECT_WAR_PT17_PEDIA','TECH_COMBINED_ARMS',1,1,400,29,'SPBalance_ATLAS','Promotion_WAR_PT17'),
        ('PROJECT_WAR_PT18','TXT_KEY_PROJECT_WAR_PT18','TXT_KEY_PROJECT_WAR_PT18_HELP','TXT_KEY_PROJECT_WAR_PT18_PEDIA','TECH_LARGE_CALIBRE',1,1,400,29,'SPBalance_ATLAS','Promotion_WAR_PT18'),
        ('PROJECT_WAR_PT19','TXT_KEY_PROJECT_WAR_PT19','TXT_KEY_PROJECT_WAR_PT19_HELP','TXT_KEY_PROJECT_WAR_PT19_PEDIA','TECH_NUCLEAR_FISSION',1,1,1000,29,'SPBalance_ATLAS','Promotion_WAR_PT19'),
        ('PROJECT_WAR_PT20','TXT_KEY_PROJECT_WAR_PT20','TXT_KEY_PROJECT_WAR_PT20_HELP','TXT_KEY_PROJECT_WAR_PT20_PEDIA','TECH_ROCKETRY',1,1,1000,29,'SPBalance_ATLAS','Promotion_WAR_PT20'),
        ('PROJECT_WAR_PT21','TXT_KEY_PROJECT_WAR_PT21','TXT_KEY_PROJECT_WAR_PT21_HELP','TXT_KEY_PROJECT_WAR_PT21_PEDIA','TECH_ADV_FLIGHT',1,1,1000,29,'SPBalance_ATLAS','Promotion_WAR_PT21'),
        ('PROJECT_WAR_PT22','TXT_KEY_PROJECT_WAR_PT22','TXT_KEY_PROJECT_WAR_PT22_HELP','TXT_KEY_PROJECT_WAR_PT22_PEDIA','TECH_BVR_COMBAT',1,1,3000,29,'SPBalance_ATLAS','Promotion_WAR_PT22'),
        ('PROJECT_WAR_PT23','TXT_KEY_PROJECT_WAR_PT23','TXT_KEY_PROJECT_WAR_PT23_HELP','TXT_KEY_PROJECT_WAR_PT23_PEDIA','TECH_SATELLITES',1,1,3000,29,'SPBalance_ATLAS','Promotion_WAR_PT23'),
        ('PROJECT_WAR_PT24','TXT_KEY_PROJECT_WAR_PT24','TXT_KEY_PROJECT_WAR_PT24_HELP','TXT_KEY_PROJECT_WAR_PT24_PEDIA','TECH_AUTOMATION_T',1,1,3000,29,'SPBalance_ATLAS','Promotion_WAR_PT24'),
        ('PROJECT_WAR_PT25','TXT_KEY_PROJECT_WAR_PT25','TXT_KEY_PROJECT_WAR_PT25_HELP','TXT_KEY_PROJECT_WAR_PT25_PEDIA','TECH_ARTIFICIAL_INTELLIGENCE',1,1,5000,29,'SPBalance_ATLAS','Promotion_WAR_PT25'),
        ('PROJECT_WAR_PT26','TXT_KEY_PROJECT_WAR_PT26','TXT_KEY_PROJECT_WAR_PT26_HELP','TXT_KEY_PROJECT_WAR_PT26_PEDIA','TECH_STEALTH',1,1,5000,29,'SPBalance_ATLAS','Promotion_WAR_PT26'),
        ('PROJECT_WAR_PT27','TXT_KEY_PROJECT_WAR_PT27','TXT_KEY_PROJECT_WAR_PT27_HELP','TXT_KEY_PROJECT_WAR_PT27_PEDIA','TECH_TRANSHUMANISM',1,1,5000,29,'SPBalance_ATLAS','Promotion_WAR_PT27');

INSERT INTO UnitPromotions_UnitCombats
        (PromotionType,UnitCombatType)VALUES
        ('Promotion_WAR_PT1','UNITCOMBAT_MELEE'),
        ('Promotion_WAR_PT1_1','UNITCOMBAT_MELEE'),
        ('Promotion_WAR_PT2','UNITCOMBAT_SIEGE'),
        ('Promotion_WAR_PT2_1','UNITCOMBAT_SIEGE'),
        ('Promotion_WAR_PT3','UNITCOMBAT_RECON'),
        ('Promotion_WAR_PT3_1','UNITCOMBAT_RECON'),
        ('Promotion_WAR_PT4','UNITCOMBAT_MOUNTED'),
        ('Promotion_WAR_PT4_1','UNITCOMBAT_MOUNTED'),
        ('Promotion_WAR_PT4','UNITCOMBAT_HELICOPTER'),
        ('Promotion_WAR_PT4_1','UNITCOMBAT_HELICOPTER'),
        --重步
        ('Promotion_WAR_PT5','UNITCOMBAT_MELEE'),
        --重骑
        ('Promotion_WAR_PT5','UNITCOMBAT_MOUNTED'),
        --陆军游猎
        ('Promotion_WAR_PT5','UNITCOMBAT_HELICOPTER'),
        --陆远
        ('Promotion_WAR_PT5','UNITCOMBAT_SIEGE'),
        --特战
        ('Promotion_WAR_PT5','UNITCOMBAT_GUN'),
        --民兵
        ('Promotion_WAR_PT5','UNITCOMBAT_RECON'),
        --装甲
        ('Promotion_WAR_PT5','UNITCOMBAT_ARMOR'),
        --陆军特种
        ('Promotion_WAR_PT5','UNITCOMBAT_BOMBER'),
        ('Promotion_WAR_PT5_1','UNITCOMBAT_MELEE'),
        ('Promotion_WAR_PT5_1','UNITCOMBAT_MOUNTED'),
        ('Promotion_WAR_PT6','UNITCOMBAT_SIEGE'),
        ('Promotion_WAR_PT6_1','UNITCOMBAT_SIEGE'),
        ('Promotion_WAR_PT7','UNITCOMBAT_GUN'),
        ('Promotion_WAR_PT7_1','UNITCOMBAT_GUN'),
        ('Promotion_WAR_PT8','UNITCOMBAT_MOUNTED'),
        ('Promotion_WAR_PT8_1','UNITCOMBAT_MOUNTED'),
        ('Promotion_WAR_PT8','UNITCOMBAT_ARMOR'),
        ('Promotion_WAR_PT8_1','UNITCOMBAT_ARMOR'),
        --海军远程
        ('Promotion_WAR_PT9','UNITCOMBAT_NAVALRANGED'),
        --海军近战
        ('Promotion_WAR_PT9','UNITCOMBAT_NAVALMELEE'),
        --海军游猎
        ('Promotion_WAR_PT9','UNITCOMBAT_SUBMARINE'),
        --航母
        ('Promotion_WAR_PT9','UNITCOMBAT_CARRIER'),
        ('Promotion_WAR_PT9_1','UNITCOMBAT_NAVALRANGED'),
        ('Promotion_WAR_PT9_1','UNITCOMBAT_NAVALMELEE'),
        ('Promotion_WAR_PT9_1','UNITCOMBAT_SUBMARINE'),
        ('Promotion_WAR_PT9_1','UNITCOMBAT_CARRIER'),
        ('Promotion_WAR_PT9_2','UNITCOMBAT_NAVALRANGED'),
        ('Promotion_WAR_PT9_2','UNITCOMBAT_NAVALMELEE'),
        ('Promotion_WAR_PT9_2','UNITCOMBAT_SUBMARINE'),
        ('Promotion_WAR_PT9_2','UNITCOMBAT_CARRIER'),
        ('Promotion_WAR_PT9_3','UNITCOMBAT_NAVALRANGED'),
        ('Promotion_WAR_PT9_3','UNITCOMBAT_NAVALMELEE'),
        ('Promotion_WAR_PT9_3','UNITCOMBAT_SUBMARINE'),
        ('Promotion_WAR_PT9_3','UNITCOMBAT_CARRIER'),
        ('Promotion_WAR_PT9_4','UNITCOMBAT_NAVALRANGED'),
        ('Promotion_WAR_PT9_4','UNITCOMBAT_NAVALMELEE'),
        ('Promotion_WAR_PT9_4','UNITCOMBAT_SUBMARINE'),
        ('Promotion_WAR_PT9_4','UNITCOMBAT_CARRIER'),
        ('Promotion_WAR_PT10','UNITCOMBAT_MELEE'),
        ('Promotion_WAR_PT10','UNITCOMBAT_MOUNTED'),
        ('Promotion_WAR_PT10','UNITCOMBAT_HELICOPTER'),
        ('Promotion_WAR_PT10','UNITCOMBAT_SIEGE'),
        ('Promotion_WAR_PT10','UNITCOMBAT_GUN'),
        ('Promotion_WAR_PT10','UNITCOMBAT_RECON'),
        ('Promotion_WAR_PT10','UNITCOMBAT_ARMOR'),
        ('Promotion_WAR_PT10','UNITCOMBAT_BOMBER'),
        ('Promotion_WAR_PT10','UNITCOMBAT_NAVALRANGED'),
        ('Promotion_WAR_PT10','UNITCOMBAT_NAVALMELEE'),
        ('Promotion_WAR_PT10','UNITCOMBAT_SUBMARINE'),
        ('Promotion_WAR_PT10_1','UNITCOMBAT_MELEE'),
        ('Promotion_WAR_PT11','UNITCOMBAT_MELEE'),
        ('Promotion_WAR_PT11','UNITCOMBAT_MOUNTED'),
        ('Promotion_WAR_PT11','UNITCOMBAT_HELICOPTER'),
        ('Promotion_WAR_PT11','UNITCOMBAT_SIEGE'),
        ('Promotion_WAR_PT11','UNITCOMBAT_GUN'),
        ('Promotion_WAR_PT11','UNITCOMBAT_CARRIER'),
        ('Promotion_WAR_PT11','UNITCOMBAT_ARMOR'),
        ('Promotion_WAR_PT11','UNITCOMBAT_BOMBER'),
        ('Promotion_WAR_PT11','UNITCOMBAT_NAVALRANGED'),
        ('Promotion_WAR_PT11','UNITCOMBAT_NAVALMELEE'),
        ('Promotion_WAR_PT11','UNITCOMBAT_SUBMARINE'),
        ('Promotion_WAR_PT11','UNITCOMBAT_FIGHTER'),
        ('Promotion_WAR_PT11','UNITCOMBAT_ARCHER'),
        ('Promotion_WAR_PT11_1','UNITCOMBAT_MOUNTED'),
        ('Promotion_WAR_PT11_1','UNITCOMBAT_ARMOR'),
        ('Promotion_WAR_PT12','UNITCOMBAT_NAVALRANGED'),
        ('Promotion_WAR_PT12','UNITCOMBAT_NAVALMELEE'),
        ('Promotion_WAR_PT12','UNITCOMBAT_SUBMARINE'),
        ('Promotion_WAR_PT12','UNITCOMBAT_CARRIER'),
        ('Promotion_WAR_PT12_1','UNITCOMBAT_SUBMARINE'),
        ('Promotion_WAR_PT13','UNITCOMBAT_NAVALRANGED'),
        ('Promotion_WAR_PT13','UNITCOMBAT_NAVALMELEE'),
        ('Promotion_WAR_PT13','UNITCOMBAT_SUBMARINE'),
        ('Promotion_WAR_PT13','UNITCOMBAT_CARRIER'),
        ('Promotion_WAR_PT13_1','UNITCOMBAT_NAVALRANGED'),
        ('Promotion_WAR_PT14','UNITCOMBAT_FIGHTER'),
        ('Promotion_WAR_PT14_1','UNITCOMBAT_FIGHTER'),
        ('Promotion_WAR_PT14','UNITCOMBAT_ARCHER'),
        ('Promotion_WAR_PT14_1','UNITCOMBAT_ARCHER'),
        ('Promotion_WAR_PT16','UNITCOMBAT_NAVALRANGED'),
        ('Promotion_WAR_PT16','UNITCOMBAT_NAVALMELEE'),
        ('Promotion_WAR_PT16','UNITCOMBAT_SUBMARINE'),
        ('Promotion_WAR_PT16','UNITCOMBAT_CARRIER'),
        ('Promotion_WAR_PT17','UNITCOMBAT_CARRIER'),
        ('Promotion_WAR_PT17_1','UNITCOMBAT_CARRIER'),
        ('Promotion_WAR_PT18','UNITCOMBAT_NAVALRANGED'),
        ('Promotion_WAR_PT18_1','UNITCOMBAT_NAVALRANGED'),
        ('Promotion_WAR_PT20','UNITCOMBAT_BOMBER'),
        ('Promotion_WAR_PT21','UNITCOMBAT_FIGHTER'),
        ('Promotion_WAR_PT21_1','UNITCOMBAT_FIGHTER'),
        ('Promotion_WAR_PT21','UNITCOMBAT_ARCHER'),
        ('Promotion_WAR_PT21_1','UNITCOMBAT_ARCHER'),
        ('Promotion_WAR_PT23','UNITCOMBAT_GUN'),
        ('Promotion_WAR_PT24','UNITCOMBAT_CARRIER'),
        ('Promotion_WAR_PT26','UNITCOMBAT_CARRIER'),
        ('Promotion_WAR_PT27','UNITCOMBAT_ARMOR');
INSERT OR IGNORE INTO UnitPromotions_UnitCombats(PromotionType, UnitCombatType)
SELECT 'Promotion_WAR_PT25', Type  FROM UnitCombatInfos UNION 
SELECT 'Promotion_WAR_PT15', Type  FROM UnitCombatInfos;


INSERT INTO Promotion_PromotionPrereqAnds
        (PromotionType,PrereqPromotionType)VALUES
        ('Promotion_WAR_PT3_1','PROMOTION_MILITIA_COMBAT'),
        ('Promotion_WAR_PT6_1','PROMOTION_CITY_SIEGE'),
        ('Promotion_WAR_PT7_1','PROMOTION_SPECIAL_FORCES_COMBAT'),
        ('Promotion_WAR_PT10_1','PROMOTION_GUNPOWDER_INFANTRY_COMBAT'),
        ('Promotion_WAR_PT14_1','PROMOTION_AIR_ATTACK'),
        ('Promotion_WAR_PT21_1','PROMOTION_STRATEGIC_BOMBER');

INSERT INTO Promotion_PromotionExclusionAny
        (PromotionType,ExclusionPromotionType)VALUES
        ('Promotion_WAR_PT1_1','PROMOTION_ANTI_MOUNTED'),
        ('Promotion_WAR_PT1_1','PROMOTION_ANTI_TANK'),
        ('Promotion_WAR_PT2_1','PROMOTION_CITY_SIEGE'),
        ('Promotion_WAR_PT5_1','PROMOTION_ANTI_MOUNTED'),
        ('Promotion_WAR_PT5_1','PROMOTION_ANTI_TANK'),
        ('Promotion_WAR_PT6','PROMOTION_ARCHERY_COMBAT'),
        ('Promotion_WAR_PT6_1','PROMOTION_ARCHERY_COMBAT');

INSERT INTO Promotion_AuraPromotionProviderNum
        (PromotionType,AuraPromotionType,ProviderNum)VALUES
        ('Promotion_WAR_PT3_1','Promotion_WAR_PT3_2',1),
        ('Promotion_WAR_PT22','Promotion_WAR_PT22_1',1),
        ('Promotion_WAR_PT24','Promotion_WAR_PT24_1',1),
        ('Promotion_WAR_PT26','Promotion_WAR_PT24_2',1);

INSERT INTO Promotion_AuraPromotionDomains
        (PromotionType,DomainType)VALUES
        ('Promotion_WAR_PT3_1','DOMAIN_LAND'),
        ('Promotion_WAR_PT3_1','DOMAIN_SEA'),
        ('Promotion_WAR_PT22','DOMAIN_LAND'),
        ('Promotion_WAR_PT22','DOMAIN_SEA'),
        ('Promotion_WAR_PT24','DOMAIN_SEA'),
        ('Promotion_WAR_PT26','DOMAIN_SEA');

INSERT INTO Promotion_Builds
        (PromotionType,BuildType)VALUES
        ('Promotion_WAR_PT7_1','BUILD_ROAD');

INSERT INTO SPCarrierTransferPromotions
        (CarrierPromotionType,FighterPromotionType)
VALUES	('Promotion_WAR_PT17_1','Promotion_WAR_PT17_2'),
        ('Promotion_WAR_PT24_2','Promotion_WAR_PT24_3'),
        ('Promotion_WAR_PT26','Promotion_WAR_PT26_1');

INSERT INTO Project_Flavors
        (ProjectType,FlavorType,Flavor)VALUES
        ('PROJECT_WAR_PT1','FLAVOR_OFFENSE',70),
        ('PROJECT_WAR_PT1','FLAVOR_DEFENSE',80),
        ('PROJECT_WAR_PT2','FLAVOR_OFFENSE',90),
        ('PROJECT_WAR_PT2','FLAVOR_DEFENSE',60),
        ('PROJECT_WAR_PT3','FLAVOR_OFFENSE',30),
        ('PROJECT_WAR_PT3','FLAVOR_DEFENSE',30),
        ('PROJECT_WAR_PT4','FLAVOR_OFFENSE',120),
        ('PROJECT_WAR_PT4','FLAVOR_DEFENSE',30),
        ('PROJECT_WAR_PT5','FLAVOR_OFFENSE',40),
        ('PROJECT_WAR_PT5','FLAVOR_DEFENSE',100),
        ('PROJECT_WAR_PT6','FLAVOR_OFFENSE',120),
        ('PROJECT_WAR_PT6','FLAVOR_DEFENSE',80),
        ('PROJECT_WAR_PT7','FLAVOR_OFFENSE',50),
        ('PROJECT_WAR_PT7','FLAVOR_DEFENSE',60),
        ('PROJECT_WAR_PT8','FLAVOR_OFFENSE',120),
        ('PROJECT_WAR_PT8','FLAVOR_DEFENSE',80),
        ('PROJECT_WAR_PT9','FLAVOR_OFFENSE',150),
        ('PROJECT_WAR_PT9','FLAVOR_DEFENSE',150),
        ('PROJECT_WAR_PT9','FLAVOR_NAVAL',150),
        ('PROJECT_WAR_PT10','FLAVOR_DEFENSE',50),
        ('PROJECT_WAR_PT10','FLAVOR_OFFENSE',100),
        ('PROJECT_WAR_PT10','FLAVOR_MOBILE',100),
        ('PROJECT_WAR_PT11','FLAVOR_DEFENSE',70),
        ('PROJECT_WAR_PT11','FLAVOR_OFFENSE',110),
        ('PROJECT_WAR_PT11','FLAVOR_MOBILE',60),
        ('PROJECT_WAR_PT12','FLAVOR_OFFENSE',50),
        ('PROJECT_WAR_PT12','FLAVOR_DEFENSE',60),
        ('PROJECT_WAR_PT12','FLAVOR_NAVAL',150),
        ('PROJECT_WAR_PT13','FLAVOR_OFFENSE',120),
        ('PROJECT_WAR_PT13','FLAVOR_NAVAL',120),
        ('PROJECT_WAR_PT14','FLAVOR_OFFENSE',50),
        ('PROJECT_WAR_PT14','FLAVOR_DEFENSE',60),
        ('PROJECT_WAR_PT14','FLAVOR_AIR',150),
        ('PROJECT_WAR_PT15','FLAVOR_OFFENSE',70),
        ('PROJECT_WAR_PT15','FLAVOR_DEFENSE',70),
        ('PROJECT_WAR_PT16','FLAVOR_OFFENSE',100),
        ('PROJECT_WAR_PT16','FLAVOR_NAVAL',100),
        ('PROJECT_WAR_PT17','FLAVOR_DEFENSE',70),
        ('PROJECT_WAR_PT17','FLAVOR_OFFENSE',110),
        ('PROJECT_WAR_PT17','FLAVOR_NAVAL',120),
        ('PROJECT_WAR_PT18','FLAVOR_DEFENSE',70),
        ('PROJECT_WAR_PT18','FLAVOR_OFFENSE',110),
        ('PROJECT_WAR_PT18','FLAVOR_NAVAL',120),
        ('PROJECT_WAR_PT19','FLAVOR_OFFENSE',999),
        ('PROJECT_WAR_PT19','FLAVOR_NUKE',999),
        ('PROJECT_WAR_PT19','FLAVOR_USE_NUKE',999),
        ('PROJECT_WAR_PT20','FLAVOR_DEFENSE',400),
        ('PROJECT_WAR_PT20','FLAVOR_RANGED',400),
        ('PROJECT_WAR_PT21','FLAVOR_AIR',550),
        ('PROJECT_WAR_PT22','FLAVOR_AIR',550),
        ('PROJECT_WAR_PT22','FLAVOR_NAVAL',550),
        ('PROJECT_WAR_PT22','FLAVOR_DEFENSE',999),
        ('PROJECT_WAR_PT23','FLAVOR_OFFENSE',100),
        ('PROJECT_WAR_PT24','FLAVOR_OFFENSE',999),
        ('PROJECT_WAR_PT25','FLAVOR_OFFENSE',999),
        ('PROJECT_WAR_PT26','FLAVOR_OFFENSE',999),
        ('PROJECT_WAR_PT27','FLAVOR_OFFENSE',150),
        ('PROJECT_WAR_PT27','FLAVOR_DEFENSE',150);
        
INSERT OR IGNORE INTO UnitPromotions_CivilianUnitType(PromotionType, UnitType) 
SELECT 'Promotion_WAR_PT19', Type  FROM Units WHERE Suicide = 1;

INSERT OR IGNORE INTO UnitPromotions_CivilianUnitType(PromotionType, UnitType) 
SELECT 'Promotion_WAR_PT22', Type  FROM Units WHERE AirInterceptRange > 0;

INSERT OR IGNORE INTO UnitPromotions_CivilianUnitType(PromotionType, UnitType) 
VALUES ('Promotion_WAR_PT25','UNIT_UAV');

INSERT OR IGNORE INTO UnitPromotions_CivilianUnitType(PromotionType, UnitType) 
SELECT 'Promotion_WAR_PT26_1', Type
FROM Units
WHERE EXISTS (
    SELECT 1
    FROM Unit_FreePromotions
    WHERE Unit_FreePromotions.UnitType = Units.Type
      AND Unit_FreePromotions.PromotionType = 'PROMOTION_CARRIER_FIGHTER'
);
